{"cameraMode":{"drawMode":0,"name":"Shaded","section":"Shading Mode"},"sceneLighting":true,"audioPlay":false,"sceneViewState":{"m_AlwaysRefresh":false,"showFog":true,"showSkybox":true,"showFlares":true,"showImageEffects":true,"showParticleSystems":true,"showVisualEffectGraphs":true,"m_FxEnabled":true},"in2DMode":false,"pivot":{"x":1.4185510873794556,"y":-1.2786016464233399,"z":1.8429124355316163},"rotation":{"x":0.06296027451753617,"y":0.9329130053520203,"z":-0.20118367671966554,"w":0.2919560968875885},"size":3.5583558082580568,"orthographic":false}